file,var,scope,shape,finite_pct,finite_pct_interior,border_nan_frac,vmin,vmax,all_zero
old,TotalPM25,yx,"(84, 669, 744)",100.0,100.0,0.0,2.943980526026735e-08,3.0697169250970546e-08,False
old,Kxxyy,yx,"(84, 669, 744)",100.0,100.0,0.0,5.707054620551766e-12,3.120000123977661,False
old,Kzz,yx,"(84, 669, 744)",100.0,100.0,0.0,5.073999814059205e-12,3.120000123977661,False
old,Temperature,yx,"(84, 669, 744)",100.0,100.0,0.0,203.94137573242188,230.73304748535156,False
old,ParticleDryDep,yx,"(84, 669, 744)",100.0,100.0,0.0,0.0,0.0,True
old,NH3DryDep,yx,"(84, 669, 744)",100.0,100.0,0.0,-0.0008982705767266452,0.0,False
old,NOxDryDep,yx,"(84, 669, 744)",100.0,100.0,0.0,0.0,0.0,True
old,SO2DryDep,yx,"(84, 669, 744)",100.0,100.0,0.0,0.0,0.0,True
old,VOCDryDep,yx,"(84, 669, 744)",100.0,100.0,0.0,0.0,0.0,True
old,SPartitioning,yx,"(84, 669, 744)",100.0,100.0,0.0,0.0006878548883832991,0.4188619554042816,False
old,NHPartitioning,yx,"(84, 669, 744)",100.0,100.0,0.0,0.0014417117927223444,0.48081734776496887,False
old,NOPartitioning,yx,"(84, 669, 744)",100.0,100.0,0.0,0.0013845673529431224,0.05119851976633072,False
old,aSOA,yx,"(84, 669, 744)",100.0,100.0,0.0,2.6893404601420403e-16,2.9235611327671496e-12,False
old,bSOA,yx,"(84, 669, 744)",100.0,100.0,0.0,2.1943243472503785e-16,2.9447399380044814e-12,False
old,aVOC,yx,"(84, 669, 744)",100.0,100.0,0.0,2.3987585548668417e-15,5.8144045134156386e-12,False
old,bVOC,yx,"(84, 669, 744)",100.0,100.0,0.0,9.626930727403885e-16,1.274494724166908e-12,False
old,gNH,yx,"(84, 669, 744)",100.0,100.0,0.0,2.0710417458021693e-16,9.672940074791081e-15,False
old,gNO,yx,"(84, 669, 744)",100.0,100.0,0.0,6.964193189854938e-16,1.7568341226237294e-10,False
old,gS,yx,"(84, 669, 744)",100.0,100.0,0.0,1.199502017801434e-16,1.250588824781607e-16,False
old,pNH,yx,"(84, 669, 744)",100.0,100.0,0.0,2.558192760731881e-16,1.276667899001438e-12,False
old,pNO,yx,"(84, 669, 744)",100.0,100.0,0.0,1.675007388497583e-16,4.6578739874999185e-15,False
old,pS,yx,"(84, 669, 744)",100.0,100.0,0.0,1.932158915047904e-16,2.007143149601598e-12,False
old,WindSpeed,yx,"(84, 669, 744)",100.0,100.0,0.0,0.3024466335773468,12.012216567993164,False
old,WindSpeedInverse,yx,"(84, 669, 744)",100.0,100.0,0.0,1.4294859740360266e-09,0.07413986325263977,False
old,WindSpeedMinusOnePointFour,yx,"(84, 669, 744)",100.0,100.0,0.0,4.077918829437782e-13,0.03477853164076805,False
old,WindSpeedMinusThird,yx,"(84, 669, 744)",100.0,100.0,0.0,0.0011563310399651527,0.3993834853172302,False
old,alt,yx,"(84, 669, 744)",100.0,100.0,0.0,-1.0400000860499858e-09,1.2409851551055908,False
old,S1,yx,"(84, 669, 744)",100.0,100.0,0.0,-1.3527574083127547e-05,0.0,False
old,Sclass,yx,"(84, 669, 744)",100.0,100.0,0.0,0.0,0.0,True
old,SO2oxidation,yx,"(84, 669, 744)",100.0,100.0,0.0,1.2471152286917007e-17,1.164131996096024e-13,False
old,UAvg,y_xs,"(84, 669, 744)",100.0,100.0,0.0,-13.425122261047363,4.122849464416504,False
old,UDeviation,y_xs,"(84, 669, 744)",100.0,100.0,0.0,2.5989329515141435e-06,4.458748817443848,False
old,VAvg,ys_x,"(84, 669, 744)",100.0,100.0,0.0,-25.129165649414062,3.9061012268066406,False
old,VDeviation,ys_x,"(84, 669, 744)",100.0,100.0,0.0,2.5989329515141435e-06,4.126356601715088,False
old,WAvg,w,"(85, 669, 744)",100.0,100.0,0.0,-0.2570462226867676,0.0015305280685424805,False
old,LayerHeights,w,"(85, 669, 744)",100.0,100.0,0.0,1.0399998917609565e-10,3803.979736328125,False
new,TotalPM25,yx,"(84, 669, 744)",100.0,100.0,0.0,2.830891787652945e-08,2.951307287446525e-08,False
new,Kxxyy,yx,"(84, 669, 744)",100.0,100.0,0.0,5.495594430915407e-12,3.0,False
new,Kzz,yx,"(84, 669, 744)",100.0,100.0,0.0,4.8876267616515534e-12,3.0,False
new,Temperature,yx,"(84, 669, 744)",100.0,100.0,0.0,196.09585571289062,221.86819458007812,False
new,ParticleDryDep,yx,"(84, 669, 744)",100.0,100.0,0.0,0.0,0.0,True
new,NH3DryDep,yx,"(84, 669, 744)",100.0,100.0,0.0,-0.0008606730261817575,0.0,False
new,NOxDryDep,yx,"(84, 669, 744)",100.0,100.0,0.0,0.0,0.0,True
new,SO2DryDep,yx,"(84, 669, 744)",100.0,100.0,0.0,0.0,0.0,True
new,VOCDryDep,yx,"(84, 669, 744)",100.0,100.0,0.0,0.0,0.0,True
new,SPartitioning,yx,"(84, 669, 744)",100.0,100.0,0.0,0.0006347903399728239,0.4027852416038513,False
new,NHPartitioning,yx,"(84, 669, 744)",100.0,100.0,0.0,0.00133049045689404,0.46238797903060913,False
new,NOPartitioning,yx,"(84, 669, 744)",100.0,100.0,0.0,3.85364864996518e-06,0.000773685984313488,False
new,aSOA,yx,"(84, 669, 744)",100.0,100.0,0.0,2.5888871171580086e-16,2.803415919544472e-12,False
new,bSOA,yx,"(84, 669, 744)",100.0,100.0,0.0,2.1082970341492716e-16,2.8237243272777324e-12,False
new,aVOC,yx,"(84, 669, 744)",100.0,100.0,0.0,2.3059269202213226e-15,5.575461099749379e-12,False
new,bVOC,yx,"(84, 669, 744)",100.0,100.0,0.0,9.25593241408887e-16,1.2221210371823887e-12,False
new,gNH,yx,"(84, 669, 744)",100.0,100.0,0.0,1.991185332419606e-16,9.275944202742463e-15,False
new,gNO,yx,"(84, 669, 744)",100.0,100.0,0.0,6.692163264888299e-16,1.684635347887209e-10,False
new,gS,yx,"(84, 669, 744)",100.0,100.0,0.0,1.1533999997158525e-16,1.2023608863473152e-16,False
new,pNH,yx,"(84, 669, 744)",100.0,100.0,0.0,2.4579659990612397e-16,1.224202271672692e-12,False
new,pNO,yx,"(84, 669, 744)",100.0,100.0,0.0,5.428366152434344e-17,4.3598174929212336e-15,False
new,pS,yx,"(84, 669, 744)",100.0,100.0,0.0,1.8586848949229018e-16,1.9246576988402042e-12,False
new,WindSpeed,yx,"(84, 669, 744)",100.0,100.0,0.0,0.2909778952598572,11.558680534362793,False
new,WindSpeedInverse,yx,"(84, 669, 744)",100.0,100.0,0.0,1.3745052873659347e-09,0.07130972295999527,False
new,WindSpeedMinusOnePointFour,yx,"(84, 669, 744)",100.0,100.0,0.0,3.921075161610055e-13,0.03343113511800766,False
new,WindSpeedMinusThird,yx,"(84, 669, 744)",100.0,100.0,0.0,0.0011118566617369652,0.38410836458206177,False
new,alt,yx,"(84, 669, 744)",100.0,100.0,0.0,-1.000000082740371e-09,1.193271517753601,False
new,S1,yx,"(84, 669, 744)",100.0,100.0,0.0,-1.2930907359987032e-05,0.0,False
new,Sclass,yx,"(84, 669, 744)",100.0,100.0,0.0,0.0,0.0,True
new,SO2oxidation,yx,"(84, 669, 744)",100.0,100.0,0.0,1.1968818735803354e-17,1.1162908298461074e-13,False
new,UAvg,y_xs,"(84, 669, 744)",100.0,100.0,0.0,-12.934835433959961,3.9541049003601074,False
new,UDeviation,y_xs,"(84, 669, 744)",100.0,100.0,0.0,2.542097490731976e-06,4.287565231323242,False
new,VAvg,ys_x,"(84, 669, 744)",100.0,100.0,0.0,-24.063674926757812,3.7534549236297607,False
new,VDeviation,ys_x,"(84, 669, 744)",100.0,100.0,0.0,2.542097490731976e-06,3.9804022312164307,False
new,WAvg,w,"(85, 669, 744)",100.0,100.0,0.0,-0.24760837852954865,0.0014653067337349057,False
new,LayerHeights,w,"(85, 669, 744)",100.0,100.0,0.0,9.999999439624929e-11,3657.6728515625,False
